lag_weeks,corr,lo,hi
-6,0.014158562117958762,0.009420683935107541,0.0190959122526268
-5,0.01777261539063701,0.012571127318212631,0.02248893839787969
-4,0.019327410541399966,0.014588180990705447,0.023893896283063758
-3,0.012801918937884753,0.0072679059531406565,0.0189831020137749
-2,0.017144234940371983,0.012475568650456008,0.022315524641536817
-1,0.01815848643426419,0.012385698672553042,0.023501973457701976
0,0.05162377516240918,0.04711635521839556,0.05622526346149566
1,0.023606016057998974,0.018547370529769024,0.028838265520994034
2,0.02065263604253893,0.015892899252798045,0.026597889804475944
3,0.02010137128369674,0.015267459130901571,0.025284549819076758
4,0.01828446840123758,0.013599528906447245,0.02333241046884249
5,0.015238917656160561,0.01044954851840911,0.020460544388290123
6,0.014522302537774345,0.00961798892680912,0.01993994805712574
7,0.013766662426334342,0.008857047919679957,0.01947483288659784
8,0.01102791249774132,0.006845403499746166,0.01602553089495094
9,0.013208723239332183,0.00805897513311633,0.019582955993236832
10,0.010445287660802598,0.004529970469734933,0.01657801407141308
