year,ward,rodent
2020,1.0,1718.0
2020,2.0,1058.0
2020,3.0,295.0
2020,4.0,1766.0
2020,5.0,1808.0
2020,6.0,964.0
2020,7.0,690.0
2020,8.0,451.0
2021,1.0,2557.0
2021,2.0,1559.0
2021,3.0,327.0
2021,4.0,2339.0
2021,5.0,2321.0
2021,6.0,1347.0
2021,7.0,1090.0
2021,8.0,669.0
2022,1.0,2957.0
2022,2.0,1912.0
2022,3.0,311.0
2022,4.0,2449.0
2022,5.0,2346.0
2022,6.0,1424.0
2022,7.0,1354.0
2022,8.0,722.0
2023,1.0,3707.0
2023,2.0,2495.0
2023,3.0,438.0
2023,4.0,3053.0
2023,5.0,3300.0
2023,6.0,1767.0
2023,7.0,2233.0
2023,8.0,838.0
2024,1.0,3515.0
2024,2.0,2272.0
2024,3.0,542.0
2024,4.0,2875.0
2024,5.0,3293.0
2024,6.0,1335.0
2024,7.0,2367.0
2024,8.0,682.0
2025,1.0,3232.0
2025,2.0,2463.0
2025,3.0,589.0
2025,4.0,3095.0
2025,5.0,3130.0
2025,6.0,1598.0
2025,7.0,1948.0
2025,8.0,628.0
2026,1.0,1079.0
2026,2.0,697.0
2026,3.0,253.0
2026,4.0,859.0
2026,5.0,900.0
2026,6.0,535.0
2026,7.0,562.0
2026,8.0,166.0
