rows,mean_next3,share_any_next3,capture_top,spearman,poisson_dev,mae,capture_lo,capture_hi,slice,model,model_name
4056,5.260848126232742,0.841715976331361,0.2872809073015278,0.700700976406137,4.651560862213932,3.3330867850098618,0.25003684801105336,0.30965396152165103,all,naive,Naive: next 3 months = last 3 months
4056,5.260848126232742,0.841715976331361,0.31165057643640454,0.7956826424841125,1.7137955533558682,2.1786924149339693,0.2816842995940661,0.3289100941266798,all,glm,Poisson regression
4056,5.260848126232742,0.841715976331361,0.30911988002624424,0.795167607696536,1.775060779183201,2.230105438893154,0.279965122898035,0.3278187428165279,all,rf,Random forest
4056,5.260848126232742,0.841715976331361,0.30677664260942916,0.7916199348393108,1.7754043127187773,2.219261392311761,0.277720056879216,0.3273038344975646,all,xgb_rodent,"XGBoost, rat history only"
4056,5.260848126232742,0.841715976331361,0.30865123254288124,0.7936516918544282,1.7489274754529185,2.1995209892972922,0.27883922882553663,0.3268201002263921,all,xgb_full,"XGBoost, full RatGuard"
2474,7.116410670978173,0.9329021827000809,0.24929001476769283,0.6561167867965702,4.000775174723464,4.240501212611156,0.2194444685642365,0.26769256986541384,recent,naive,Naive: next 3 months = last 3 months
2474,7.116410670978173,0.9329021827000809,0.26377371350675904,0.7671740193981513,1.794228245392315,2.6729434538021097,0.2390652378310021,0.2818812834106173,recent,glm,Poisson regression
2474,7.116410670978173,0.9329021827000809,0.2597977962058389,0.7628201971906914,1.8765236303713762,2.7283200943934034,0.23737579125481498,0.27895926965234674,recent,rf,Random forest
2474,7.116410670978173,0.9329021827000809,0.2591730092014086,0.7584743353686255,1.8687260836490214,2.7159911529398197,0.2349275358711638,0.2779818431333953,recent,xgb_rodent,"XGBoost, rat history only"
2474,7.116410670978173,0.9329021827000809,0.25843462455980915,0.7609078179679685,1.844605322400512,2.694291076018334,0.23355608771325975,0.2786145547181087,recent,xgb_full,"XGBoost, full RatGuard"
