month,rodent,food,shelter,containers
2020-01,312.0,6512.0,201.0,83.0
2020-02,342.0,6488.0,197.0,79.0
2020-03,458.0,7104.0,232.0,104.0
2020-04,528.0,7189.0,210.0,96.0
2020-05,713.0,8060.0,191.0,139.0
2020-06,813.0,8192.0,206.0,140.0
2020-07,872.0,8113.0,202.0,140.0
2020-08,810.0,7778.0,219.0,145.0
2020-09,718.0,7755.0,210.0,138.0
2020-10,599.0,7306.0,203.0,106.0
2020-11,458.0,7142.0,200.0,108.0
2020-12,385.0,7522.0,217.0,74.0
2021-01,343.0,7260.0,202.0,74.0
2021-02,336.0,6957.0,190.0,71.0
2021-03,464.0,8013.0,232.0,107.0
2021-04,618.0,8031.0,206.0,113.0
2021-05,764.0,8265.0,224.0,126.0
2021-06,832.0,8336.0,200.0,159.0
2021-07,899.0,8732.0,233.0,146.0
2021-08,847.0,8432.0,227.0,151.0
2021-09,754.0,7960.0,232.0,150.0
2021-10,638.0,7780.0,204.0,112.0
2021-11,481.0,7044.0,186.0,96.0
2021-12,412.0,7062.0,206.0,97.0
2022-01,336.0,7139.0,215.0,92.0
2022-02,292.0,6193.0,171.0,59.0
2022-03,491.0,7396.0,207.0,111.0
2022-04,570.0,7785.0,208.0,94.0
2022-05,737.0,7861.0,195.0,125.0
2022-06,825.0,7965.0,198.0,129.0
2022-07,912.0,8310.0,189.0,148.0
2022-08,891.0,8683.0,198.0,157.0
2022-09,787.0,8078.0,219.0,156.0
2022-10,668.0,8151.0,197.0,149.0
2022-11,549.0,6966.0,204.0,100.0
2022-12,341.0,6471.0,199.0,86.0
2023-01,345.0,6728.0,201.0,83.0
2023-02,300.0,6304.0,169.0,66.0
2023-03,398.0,7440.0,206.0,98.0
2023-04,522.0,7569.0,205.0,113.0
2023-05,761.0,8183.0,217.0,128.0
2023-06,849.0,7825.0,207.0,166.0
2023-07,870.0,8196.0,208.0,154.0
2023-08,882.0,8233.0,203.0,162.0
2023-09,735.0,7871.0,212.0,119.0
2023-10,627.0,7871.0,224.0,121.0
2023-11,474.0,7130.0,196.0,79.0
2023-12,318.0,7257.0,208.0,84.0
2024-01,356.0,6630.0,217.0,80.0
2024-02,377.0,6679.0,189.0,81.0
2024-03,410.0,6982.0,187.0,99.0
2024-04,513.0,7316.0,191.0,90.0
2024-05,720.0,7847.0,196.0,123.0
2024-06,829.0,7816.0,181.0,168.0
2024-07,896.0,8401.0,211.0,146.0
2024-08,853.0,7996.0,184.0,141.0
2024-09,713.0,7663.0,202.0,123.0
2024-10,626.0,7742.0,197.0,121.0
2024-11,446.0,7216.0,172.0,113.0
2024-12,395.0,7231.0,252.0,98.0
2025-01,350.0,7194.0,242.0,84.0
2025-02,337.0,6344.0,185.0,65.0
2025-03,406.0,7106.0,217.0,78.0
2025-04,528.0,7200.0,197.0,105.0
2025-05,698.0,7926.0,228.0,113.0
2025-06,842.0,8099.0,214.0,157.0
2025-07,898.0,8301.0,201.0,166.0
2025-08,876.0,8000.0,201.0,142.0
2025-09,736.0,7535.0,203.0,141.0
2025-10,639.0,7817.0,203.0,159.0
2025-11,435.0,7598.0,205.0,96.0
2025-12,367.0,7113.0,190.0,78.0
2026-01,363.0,7029.0,204.0,83.0
2026-02,305.0,6220.0,197.0,75.0
2026-03,433.0,7411.0,187.0,94.0
2026-04,537.0,7168.0,194.0,96.0
2026-05,678.0,7695.0,216.0,135.0
2026-06,811.0,8121.0,202.0,167.0
2026-07,918.0,8300.0,202.0,179.0
2026-08,916.0,8241.0,194.0,135.0
2026-09,799.0,7554.0,199.0,168.0
